Workbook

Sheet Calculator
A1: CRISPRoff v2.1 Binding Energy Calculator — Alkan et al. (2018) Model with Sugimoto 1995 RNA:DNA Parameters
A2: ΔG_B = δ_PAM × (ΔG_H – ΔG_U – ΔG_O) | 5'→3'; PAM at 3'; mismatch detected by direct base comparison (X10≠X11)
A3: ▶ INPUTS (type your sequences in the blue cells below)
A4: gRNA / primer sequence (5'→3', 20 nt): | B4: TCTTAAAGATAATGATAGCC | V4: Enter as DNA (T not U)
A5: Target DNA protospacer (5'→3', same strand, 20 nt): | B5: TCTTAAAGATAATGATAGCC | V5: Same strand as gRNA (non-template)
A6: PAM type: | B6: NGG | E6: NGG=1.0 | NAG=0.9 | NGA=0.8
A7: ΔG_U gRNA self-folding MFE (kcal/mol, from RNAfold; usually ≤ 0; enter 0 if unknown): | B7: 0 | E7: Set to 0 if you have no RNAfold prediction
A8: Sugimoto ΔG°37 RNA:DNA (matched) / Watkins 2011 mismatch NN ΔG°37 (kcal/mol)
A9: Position (5'→3') | B9: 1 | C9: 2 | D9: 3 | E9: 4 | F9: 5 | G9: 6 | H9: 7 | I9: 8 | J9: 9 | K9: 10 | L9: 11 | M9: 12 | N9: 13 | O9: 14 | P9: 15 | Q9: 16 | R9: 17 | S9: 18 | T9: 19 | U9: 20
A10: gRNA base (5'→3') | B10: =IF(LEN($B$4)>=1,UPPER(MID($B$4,1,1)),"") -> T | C10: =IF(LEN($B$4)>=2,UPPER(MID($B$4,2,1)),"") -> C | D10: =IF(LEN($B$4)>=3,UPPER(MID($B$4,3,1)),"") -> T | E10: =IF(LEN($B$4)>=4,UPPER(MID($B$4,4,1)),"") -> T | F10: =IF(LEN($B$4)>=5,UPPER(MID($B$4,5,1)),"") -> A | G10: =IF(LEN($B$4)>=6,UPPER(MID($B$4,6,1)),"") -> A | H10: =IF(LEN($B$4)>=7,UPPER(MID($B$4,7,1)),"") -> A | I10: =IF(LEN($B$4)>=8,UPPER(MID($B$4,8,1)),"") -> G | J10: =IF(LEN($B$4)>=9,UPPER(MID($B$4,9,1)),"") -> A | K10: =IF(LEN($B$4)>=10,UPPER(MID($B$4,10,1)),"") -> T | L10: =IF(LEN($B$4)>=11,UPPER(MID($B$4,11,1)),"") -> A | M10: =IF(LEN($B$4)>=12,UPPER(MID($B$4,12,1)),"") -> A | N10: =IF(LEN($B$4)>=13,UPPER(MID($B$4,13,1)),"") -> T | O10: =IF(LEN($B$4)>=14,UPPER(MID($B$4,14,1)),"") -> G | P10: =IF(LEN($B$4)>=15,UPPER(MID($B$4,15,1)),"") -> A | Q10: =IF(LEN($B$4)>=16,UPPER(MID($B$4,16,1)),"") -> T | R10: =IF(LEN($B$4)>=17,UPPER(MID($B$4,17,1)),"") -> A | S10: =IF(LEN($B$4)>=18,UPPER(MID($B$4,18,1)),"") -> G | T10: =IF(LEN($B$4)>=19,UPPER(MID($B$4,19,1)),"") -> C | U10: =IF(LEN($B$4)>=20,UPPER(MID($B$4,20,1)),"") -> C
A11: DNA protospacer base (5'→3') | B11: =IF(LEN($B$5)>=1,UPPER(MID($B$5,1,1)),"") -> T | C11: =IF(LEN($B$5)>=2,UPPER(MID($B$5,2,1)),"") -> C | D11: =IF(LEN($B$5)>=3,UPPER(MID($B$5,3,1)),"") -> T | E11: =IF(LEN($B$5)>=4,UPPER(MID($B$5,4,1)),"") -> T | F11: =IF(LEN($B$5)>=5,UPPER(MID($B$5,5,1)),"") -> A | G11: =IF(LEN($B$5)>=6,UPPER(MID($B$5,6,1)),"") -> A | H11: =IF(LEN($B$5)>=7,UPPER(MID($B$5,7,1)),"") -> A | I11: =IF(LEN($B$5)>=8,UPPER(MID($B$5,8,1)),"") -> G | J11: =IF(LEN($B$5)>=9,UPPER(MID($B$5,9,1)),"") -> A | K11: =IF(LEN($B$5)>=10,UPPER(MID($B$5,10,1)),"") -> T | L11: =IF(LEN($B$5)>=11,UPPER(MID($B$5,11,1)),"") -> A | M11: =IF(LEN($B$5)>=12,UPPER(MID($B$5,12,1)),"") -> A | N11: =IF(LEN($B$5)>=13,UPPER(MID($B$5,13,1)),"") -> T | O11: =IF(LEN($B$5)>=14,UPPER(MID($B$5,14,1)),"") -> G | P11: =IF(LEN($B$5)>=15,UPPER(MID($B$5,15,1)),"") -> A | Q11: =IF(LEN($B$5)>=16,UPPER(MID($B$5,16,1)),"") -> T | R11: =IF(LEN($B$5)>=17,UPPER(MID($B$5,17,1)),"") -> A | S11: =IF(LEN($B$5)>=18,UPPER(MID($B$5,18,1)),"") -> G | T11: =IF(LEN($B$5)>=19,UPPER(MID($B$5,19,1)),"") -> C | U11: =IF(LEN($B$5)>=20,UPPER(MID($B$5,20,1)),"") -> C
A12: Match with target? (✓/✗) | B12: =IF(OR(B10="",B11=""),"",IF(B10=B11,"✓","✗")) -> ✓ | C12: =IF(OR(C10="",C11=""),"",IF(C10=C11,"✓","✗")) -> ✓ | D12: =IF(OR(D10="",D11=""),"",IF(D10=D11,"✓","✗")) -> ✓ | E12: =IF(OR(E10="",E11=""),"",IF(E10=E11,"✓","✗")) -> ✓ | F12: =IF(OR(F10="",F11=""),"",IF(F10=F11,"✓","✗")) -> ✓ | G12: =IF(OR(G10="",G11=""),"",IF(G10=G11,"✓","✗")) -> ✓ | H12: =IF(OR(H10="",H11=""),"",IF(H10=H11,"✓","✗")) -> ✓ | I12: =IF(OR(I10="",I11=""),"",IF(I10=I11,"✓","✗")) -> ✓ | ... U12: =IF(OR(U10="",U11=""),"",IF(U10=U11,"✓","✗")) -> ✓
A13: Dinucleotide step (gRNA) | B13: =IF(OR(B10="",C10=""),"",B10&C10) -> TC | C13: =IF(OR(C10="",D10=""),"",C10&D10) -> CT | D13: =IF(OR(D10="",E10=""),"",D10&E10) -> TT | E13: =IF(OR(E10="",F10=""),"",E10&F10) -> TA | F13: =IF(OR(F10="",G10=""),"",F10&G10) -> AA | G13: =IF(OR(G10="",H10=""),"",G10&H10) -> AA | H13: =IF(OR(H10="",I10=""),"",H10&I10) -> AG | I13: =IF(OR(I10="",J10=""),"",I10&J10) -> GA | ... T13: =IF(OR(T10="",U10=""),"",T10&U10) -> CC
A14: Sugimoto ΔG°37 RNA:DNA (matched) / Watkins 2011 mismatch NN ΔG°37 (kcal/mol) | B14: =IF(B10<>B11,IFERROR(VLOOKUP(B10&INDEX(Params!$K$4:$K$7,MATCH(B11,Params!$J$4:$J$7,0)),Params!$M$4:$N$15,2,0),1),IFERROR(VLOOKUP(B13,Params!$A$4:$B$19,2,0),IFERROR(VLOOKUP(B13,Params!$C$4:$D$19,2,0),0))) -> -1.6 | C14: =IF(C10<>C11,IFERROR(VLOOKUP(C10&INDEX(Params!$K$4:$K$7,MATCH(C11,Params!$J$4:$J$7,0)),Params!$M$4:$N$15,2,0),1),IFERROR(VLOOKUP(C13,Params!$A$4:$B$19,2,0),IFERROR(VLOOKUP(C13,Params!$C$4:$D$19,2,0),0))) -> -0.9 | D14: =IF(D10<>D11,IFERROR(VLOOKUP(D10&INDEX(Params!$K$4:$K$7,MATCH(D11,Params!$J$4:$J$7,0)),Params!$M$4:$N$15,2,0),1),IFERROR(VLOOKUP(D13,Params!$A$4:$B$19,2,0),IFERROR(VLOOKUP(D13,Params!$C$4:$D$19,2,0),0))) -> -0.2 | E14: =IF(E10<>E11,IFERROR(VLOOKUP(E10&INDEX(Params!$K$4:$K$7,MATCH(E11,Params!$J$4:$J$7,0)),Params!$M$4:$N$15,2,0),1),IFERROR(VLOOKUP(E13,Params!$A$4:$B$19,2,0),IFERROR(VLOOKUP(E13,Params!$C$4:$D$19,2,0),0))) -> -0.6 | F14: =IF(F10<>F11,IFERROR(VLOOKUP(F10&INDEX(Params!$K$4:$K$7,MATCH(F11,Params!$J$4:$J$7,0)),Params!$M$4:$N$15,2,0),1),IFERROR(VLOOKUP(F13,Params!$A$4:$B$19,2,0),IFERROR(VLOOKUP(F13,Params!$C$4:$D$19,2,0),0))) -> -1 | G14: =IF(G10<>G11,IFERROR(VLOOKUP(G10&INDEX(Params!$K$4:$K$7,MATCH(G11,Params!$J$4:$J$7,0)),Params!$M$4:$N$15,2,0),1),IFERROR(VLOOKUP(G13,Params!$A$4:$B$19,2,0),IFERROR(VLOOKUP(G13,Params!$C$4:$D$19,2,0),0))) -> -1 | H14: =IF(H10<>H11,IFERROR(VLOOKUP(H10&INDEX(Params!$K$4:$K$7,MATCH(H11,Params!$J$4:$J$7,0)),Params!$M$4:$N$15,2,0),1),IFERROR(VLOOKUP(H13,Params!$A$4:$B$19,2,0),IFERROR(VLOOKUP(H13,Params!$C$4:$D$19,2,0),0))) -> -1.8 | I14: =IF(I10<>I11,IFERROR(VLOOKUP(I10&INDEX(Params!$K$4:$K$7,MATCH(I11,Params!$J$4:$J$7,0)),Params!$M$4:$N$15,2,0),1),IFERROR(VLOOKUP(I13,Params!$A$4:$B$19,2,0),IFERROR(VLOOKUP(I13,Params!$C$4:$D$19,2,0),0))) -> -1.3 | ... T14: =IF(T10<>T11,IFERROR(VLOOKUP(T10&INDEX(Params!$K$4:$K$7,MATCH(T11,Params!$J$4:$J$7,0)),Params!$M$4:$N$15,2,0),1),IFERROR(VLOOKUP(T13,Params!$A$4:$B$19,2,0),IFERROR(VLOOKUP(T13,Params!$C$4:$D$19,2,0),0))) -> -2.1
A15: Cas9 positional weight Γ[i] (Alkan 2018 Eq. 2) | B15: 1.8 | C15: 1.96 | D15: 1.9 | E15: 2.13 | F15: 1.38 | G15: 1.46 | H15: 1 | I15: 1.39 | J15: 1.51 | K15: 1.98 | L15: 1.88 | M15: 1.72 | N15: 2.02 | O15: 1.93 | P15: 2.08 | Q15: 1.94 | R15: 2.15 | S15: 2.04 | T15: 2.25
A16: Weighted contribution Γ × ΔG (kcal/mol) | B16: =B15*B14 -> -2.88 | C16: =C15*C14 -> -1.764 | D16: =D15*D14 -> -0.38 | E16: =E15*E14 -> -1.278 | F16: =F15*F14 -> -1.38 | G16: =G15*G14 -> -1.46 | H16: =H15*H14 -> -1.8 | I16: =I15*I14 -> -1.807 | ... T16: =T15*T14 -> -4.725
A17: ΔG_O DNA:DNA step (SantaLucia 1998, kcal/mol) | B17: =IFERROR(VLOOKUP(B11&C11,Params!$F$4:$G$13,2,0),IFERROR(VLOOKUP(B11&C11,Params!$H$4:$I$13,2,0),0)) -> -1.3 | C17: =IFERROR(VLOOKUP(C11&D11,Params!$F$4:$G$13,2,0),IFERROR(VLOOKUP(C11&D11,Params!$H$4:$I$13,2,0),0)) -> -1.28 | D17: =IFERROR(VLOOKUP(D11&E11,Params!$F$4:$G$13,2,0),IFERROR(VLOOKUP(D11&E11,Params!$H$4:$I$13,2,0),0)) -> -1 | E17: =IFERROR(VLOOKUP(E11&F11,Params!$F$4:$G$13,2,0),IFERROR(VLOOKUP(E11&F11,Params!$H$4:$I$13,2,0),0)) -> -0.58 | F17: =IFERROR(VLOOKUP(F11&G11,Params!$F$4:$G$13,2,0),IFERROR(VLOOKUP(F11&G11,Params!$H$4:$I$13,2,0),0)) -> -1 | G17: =IFERROR(VLOOKUP(G11&H11,Params!$F$4:$G$13,2,0),IFERROR(VLOOKUP(G11&H11,Params!$H$4:$I$13,2,0),0)) -> -1 | H17: =IFERROR(VLOOKUP(H11&I11,Params!$F$4:$G$13,2,0),IFERROR(VLOOKUP(H11&I11,Params!$H$4:$I$13,2,0),0)) -> -1.28 | I17: =IFERROR(VLOOKUP(I11&J11,Params!$F$4:$G$13,2,0),IFERROR(VLOOKUP(I11&J11,Params!$H$4:$I$13,2,0),0)) -> -1.3 | ... T17: =IFERROR(VLOOKUP(T11&U11,Params!$F$4:$G$13,2,0),IFERROR(VLOOKUP(T11&U11,Params!$H$4:$I$13,2,0),0)) -> -1.84
A18: ▶ ENERGY SUMMARY & INTERPRETATION
A19: ΔG_H (unweighted sum of 19 NN stacking terms) | V19: =SUM(B16:T16) -> -41.2 | W19: kcal/mol | X19: Hybridisation energy. Sweet spot for efficient Cas9: -47 to -65 kcal/mol (Xiang 2022)
A20: Initiation correction (Sugimoto 1995) | V20: =3.1 -> 3.1 | W20: kcal/mol | X20: Added to ΔG_H: entropic cost of nucleating the RNA:DNA duplex
A21: ΔG_H + initiation (used in ΔG_B formula) | V21: =V19+V20 -> -38.1 | W21: kcal/mol | X21: This is the ΔG_H term in ΔG_B = δ_PAM × (ΔG_H – ΔG_U – ΔG_O)
A22: ΔG_O (DNA:DNA duplex opening penalty) | V22: =SUM(B17:T17) -> -21.64 | W22: kcal/mol | X22: Energy cost to unwind the target DNA duplex. More negative = harder to open
A23: ΔG_U (gRNA self-folding MFE from RNAfold) | V23: =$B$7 -> 0 | W23: kcal/mol | X23: Penalty for gRNA structure that must unfold before binding. From cell B7.
A24: δ_PAM (PAM correction factor) | V24: =IF(UPPER($B$6)="NGG",1,IF(UPPER($B$6)="NAG",0.9,IF(UPPER($B$6)="NGA",0.8,1))) -> 1 | W24: dimensionless | X24: NGG=1.0 (canonical), NAG=0.9, NGA=0.8 (non-canonical, weaker recognition)
A25: ΔG_B = δ_PAM × (ΔG_H_init – ΔG_U – ΔG_O) | V25: =V24*(V21-V23-V22) -> -16.46 | W25: kcal/mol | X25: COMPLEX FORMATION requires ΔG_B ≤ -10.0 kcal/mol
A26: CRISPRoff score = –ΔG_B (higher = tighter binding = better on-target) | V26: =0-V25 -> 16.46 | W26: kcal/mol | X26: Target: ≥ 10. Good: 12–18. Sweet spot ΔG_B: -10 to -18 kcal/mol (Xiang 2022 Nat Commun)
A27: Mismatch count (positions where gRNA ≠ target) | V27: =COUNTIF(B12:U12,"✗") -> 0 | W27: count | X27: 0 = perfect match. ≥2 clustered PAM-distal mm strongly disrupts binding.
A28: Complex formation? (ΔG_B ≤ -10.0) | V28: =IF(V25<=-10,"YES – will bind","NO – too weak") -> YES – will bind | X28: Must be YES for CRISPRoff to deposit heritable methylation.
A30: ▶ HOW TO USE AND INTERPRET RESULTS
A31: STEP 1 | B31: Enter your 20-nt gRNA in B4 and the target DNA sequence (same strand, same direction) in B5. Both as DNA (T not U).
A32: STEP 2 | B32: Set PAM type in B6 (NGG/NAG/NGA) and optionally enter RNAfold MFE in B7 (leave 0 if unknown).
A33: STEP 3 | B33: Check ΔG_B (row 25). Must be ≤ -10.0 kcal/mol for stable dCas9 complex. Optimal: -10 to -18 kcal/mol.
A34: STEP 4 | B34: For allele specificity: compare ΔG_B for mutant vs WT target. Threshold: |ΔΔG_B| ≥ 2.0 kcal/mol.
A35: SWEET SPOTS | B35: ΔG_H (row 19): -47 to -65 kcal/mol optimal (Xiang 2022). ΔG_B (row 25): -10 to -18 kcal/mol optimal.
A36: CRISPROFF SCORE | B36: Score = -ΔG_B. Good on-target: 10–18. Low activity: <10. The raw Alkan webserver multiplies this by ~4 for display.
A37: ALLELE SPECIFICITY | B37: |ΔΔG_B| ≥ 2.0 kcal/mol = minimum selectivity (3.4× binding ratio). ≥3.0 kcal/mol = strong (6×).
A38: IF ΔG_H TOO LOW | B38: A-T-rich sequences give less negative ΔG_H. If ΔG_B > -10, try shifting the sgRNA window or adding a G-rich extension.
A39: MISMATCH TOOL | B39: Change one or more bases in B4 to simulate deliberate mismatches. Watch ΔG_B change in row 25.
A41: SOURCES: ΔG°37 RNA:DNA nearest-neighbour — Sugimoto et al. Biochemistry 1995, 34:11211 (1 M NaCl) | DNA:DNA ΔG°37 — SantaLucia & Hicks Annu Rev Biophys 2004; Sugimoto 1996 NAR | Cas9 positional weights — Alkan et al. Genome Biology 2018, 19:177 Eq.(2) | ΔG_B sweet spot — Xiang et al. Nat Commun 2022, 13:3001 | Initiation +3.1 kcal/mol — Sugimoto 1995

Sheet Params
A1: Thermodynamic Parameter Tables — All values in ΔG°37 kcal/mol
A2: RNA:DNA Nearest-Neighbour ΔG°37 (Sugimoto 1995) | F2: DNA:DNA Nearest-Neighbour ΔG°37 (SantaLucia 1998 / Sugimoto 1996)
A3: NN Key (gRNA 5'→3' / DNA complement 3'→5') | B3: ΔG°37 (kcal/mol) | C3: Alternative key (U→T form) | D3: ΔG°37 (kcal/mol) | F3: NN Key (5'→3' / 3'→5') | G3: ΔG°37 (kcal/mol) | H3: Reverse key | I3: ΔG°37 (kcal/mol) | J3: Base | K3: Complement | M3: Mismatch key | N3: ΔG°37 (kcal/mol) | O3: Mismatch type | P3: Source
A4: AA | B4: -1 | C4: AA | D4: -1 | F4: AA | G4: -1 | H4: TT | I4: -1 | J4: A | K4: T | M4: AA | N4: 0.9 | O4: rA:dA | P4: Watkins & SantaLucia 2011, Table 1 avg
A5: AC | B5: -2.1 | C5: AC | D5: -2.1 | F5: AT | G5: -0.88 | H5: AT | I5: -0.88 | J5: T | K5: A | M5: CC | N5: 1.2 | O5: rC:dC | P5: Watkins & SantaLucia 2011, Table 1 avg
A6: AG | B6: -1.8 | C6: AG | D6: -1.8 | F6: TA | G6: -0.58 | H6: TA | I6: -0.58 | J6: C | K6: G | M6: GG | N6: 0.08 | O6: rG:dG | P6: Watkins & SantaLucia 2011, Table 1 avg
A7: AU | B7: -0.9 | C7: AT | D7: -0.9 | F7: CA | G7: -1.45 | H7: AC | I7: -1.45 | J7: G | K7: C | M7: TT | N7: 0.59 | O7: rU:dT | P7: Watkins & SantaLucia 2011, Table 1 avg
A8: CA | B8: -0.9 | C8: CA | D8: -0.9 | F8: GT | G8: -1.44 | H8: TG | I8: -1.44 | M8: GT | N8: 0.3 | O8: rG:dT wobble | P8: Xiang 2019 / estimate
A9: CC | B9: -2.1 | C9: CC | D9: -2.1 | F9: CT | G9: -1.28 | H9: AG | I9: -1.28 | M9: GA | N9: 0.6 | O9: rG:dA | P9: estimate
A10: CG | B10: -1.7 | C10: CG | D10: -1.7 | F10: GA | G10: -1.3 | H10: TC | I10: -1.3 | M10: TG | N10: 0.7 | O10: rU:dG | P10: estimate
A11: CU | B11: -0.9 | C11: CT | D11: -0.9 | F11: CG | G11: -2.17 | H11: GC | I11: -2.17 | M11: TC | N11: 0.9 | O11: rU:dC | P11: estimate
A12: GA | B12: -1.3 | C12: GA | D12: -1.3 | F12: GC | G12: -2.24 | H12: CG | I12: -2.24 | M12: AG | N12: 1.2 | O12: rA:dG | P12: estimate
A13: GC | B13: -2.7 | C13: GC | D13: -2.7 | F13: GG | G13: -1.84 | H13: CC | I13: -1.84 | M13: AC | N13: 1.3 | O13: rA:dC | P13: estimate
A14: GG | B14: -2.9 | C14: GG | D14: -2.9 | M14: CA | N14: 1.2 | O14: rC:dA | P14: estimate
A15: GU | B15: -1.1 | C15: GT | D15: -1.1 | M15: CT | N15: 1.1 | O15: rC:dT | P15: estimate
A16: UA | B16: -0.6 | C16: TA | D16: -0.6
A17: UC | B17: -1.6 | C17: TC | D17: -1.6
A18: UG | B18: -1.4 | C18: TG | D18: -1.4
A19: UU | B19: -0.2 | C19: TT | D19: -0.2
A20: Initiation (RNA:DNA) | B20: 3.1 | C20: Add +3.1 kcal/mol to total ΔG_H (Sugimoto 1995)
A22: SOURCES: RNA:DNA — Sugimoto N et al. Biochemistry 1995;34(35):11211–11216 (Table 2, 1 M NaCl). DNA:DNA — SantaLucia J & Hicks D. Annu Rev Biophys Biomol Struct 2004;33:415–440; Sugimoto N et al. Nucleic Acids Res 1996;24(22):4501–4505. Cas9 weights — Alkan F et al. Genome Biol 2018;19(1):177, Eq.(2) & Methods.

Sheet Validation
A1: VALIDATION — Manual Worked Calculation for ALDH18A1 sgRNA (Perfect Match to Mutant)
A2: gRNA: 5'-TCTTAAAGATAATGATAGCC-3' | Target MUT: 5'-TCTTAAAGATAATGATAGCC-3' | PAM: TGG
A3: Step / Parameter | B3: RNA dimer (5'→3') | C3: Sugimoto ΔG°37 | D3: Cas9 weight Γ | E3: Weighted contrib. | F3: Notes
A4: Step 1: UC/AG (pos 1-2) | B4: UC/AG | C4: -1.6 | D4: 2.25 | E4: -3.6 | F4: PAM-distal; Γ=2.25 (highest weight)
A5: Step 2: CU/GA (pos 2-3) | B5: CU/GA | C5: -0.9 | D5: 2.04 | E5: -1.836
A6: Step 3: UU/AA (pos 3-4) | B6: UU/AA | C6: -0.2 | D6: 2.15 | E6: -0.43 | F6: A:T rich → weak stacking
A7: Step 4: UA/AT (pos 4-5) | B7: UA/AT | C7: -0.6 | D7: 1.94 | E7: -1.164
A8: Step 5: AA/TT (pos 5-6) | B8: AA/TT | C8: -1 | D8: 2.08 | E8: -2.08
A9: Step 6: AA/TT (pos 6-7) | B9: AA/TT | C9: -1 | D9: 1.93 | E9: -1.93
A10: Step 7: AG/TC (pos 7-8) | B10: AG/TC | C10: -1.8 | D10: 2.02 | E10: -3.636
A11: Step 8: GA/CT (pos 8-9) | B11: GA/CT | C11: -1.3 | D11: 1.72 | E11: -2.236
A12: Step 9: AU/TA (pos 9-10) | B12: AU/TA | C12: -0.9 | D12: 1.88 | E12: -1.692
A13: Step 10: UA/AT (pos 10-11) | B13: UA/AT | C13: -0.6 | D13: 1.98 | E13: -1.188
A14: Step 11: AA/TT (pos 11-12) | B14: AA/TT | C14: -1 | D14: 1.51 | E14: -1.51
A15: Step 12: AU/TA (pos 12-13) | B15: AU/TA | C15: -0.9 | D15: 1.39 | E15: -1.251
A16: Step 13: UG/AC (pos 13-14) | B16: UG/AC | C16: -1.4 | D16: 1 | E16: -1.4 | F16: Γ=1.00 (minimum, PAM-distal)
A17: Step 14: GA/CT (pos 14-15) | B17: GA/CT | C17: -1.3 | D17: 1.46 | E17: -1.898
A18: Step 15: AU/TA (pos 15-16) | B18: AU/TA | C18: -0.9 | D18: 1.38 | E18: -1.242
A19: Step 16: UA/AT (pos 16-17) | B19: UA/AT | C19: -0.6 | D19: 2.13 | E19: -1.278
A20: Step 17: AG/TC (pos 17-18) | B20: AG/TC | C20: -1.8 | D20: 1.9 | E20: -3.42
A21: Step 18: GC/CG (pos 18-19) | B21: GC/CG | C21: -2.7 | D21: 1.96 | E21: -5.292 | F21: G:C rich → strong stacking
A22: Step 19: CC/GG (pos 19-20) | B22: CC/GG | C22: -2.1 | D22: 1.8 | E22: -3.78 | F22: PAM-proximal; Γ=1.80
A23: ΔG_H (Cas9-weighted sum, no initiation): | E23: -40.863 | F23: Sum of all 19 weighted contributions above
A24: Initiation +3.1 kcal/mol: | E24: 3.1 | F24: Sugimoto 1995 initiation term (added to ΔG_H)
A25: ΔG_H + initiation: | E25: -37.763 | F25: Used in ΔG_B formula
A26: ΔG_O (DNA:DNA opening): | E26: -21.648 | F26: SantaLucia 1998, sum of 19 steps for target DNA
A27: ΔG_U (gRNA folding): | E27: 0 | F27: Assumed 0 (no secondary structure)
A28: δ_PAM (NGG): | E28: 1 | F28: PAM correction factor
A29: ΔG_B = δ_PAM×(ΔG_H–ΔG_U–ΔG_O): | E29: -16.115 | F29: RESULT: -37.763 - (-21.648) × 1.0 = -16.115
A30: CRISPRoff score = -ΔG_B: | E30: 16.115 | F30: Positive value; good on-target; within -10 to -18 sweet spot
A32: INTERPRETATION: ΔG_B = -16.1 kcal/mol is within the optimal range (-10 to -18 kcal/mol) per Xiang et al. 2022. CRISPRoff score = 16.1 confirms productive complex formation. ΔG_H = -40.9 kcal/mol is slightly below the -47 to -65 kcal/mol sweet spot — expected for this A:T-rich sequence; the ΔG_B is still in range.

Sheet Interpretation Guide
A1: Complete Interpretation Guide — CRISPRoff v2.1 Binding Energy Calculator
A2: WHAT IS ΔG_B?
A3: Definition | B3: ΔG_B is the approximate binding free energy of the Cas9–gRNA–DNA ternary complex. More negative = thermodynamically tighter binding. Calculated as: ΔG_B = δ_PAM × (ΔG_H – ΔG_U – ΔG_O)
A4: ΔG_H | B4: RNA:DNA hybridisation energy. Sum of 19 Sugimoto 1995 nearest-neighbour stacking terms, each multiplied by a Cas9 positional weight from Alkan 2018. More negative = more stable gRNA:DNA pairing. A-T rich guides have less negative ΔG_H; G-C rich guides have more negative ΔG_H.
A5: ΔG_O | B5: DNA:DNA opening (melting) penalty — energy needed to unwind the double-stranded DNA target. This term is subtracted, so a more negative ΔG_O slightly reduces |ΔG_B|. Calculated from SantaLucia 1998 DNA:DNA nearest-neighbour parameters.
A6: ΔG_U | B6: gRNA self-folding penalty — energy of any secondary structure in the 20-nt gRNA spacer. Obtain from RNAfold (free online tool). Enter 0 if unknown. gRNA structures with MFE < -7.5 kcal/mol significantly reduce binding efficiency.
A7: δ_PAM | B7: PAM correction factor: 1.0 for NGG (canonical), 0.9 for NAG, 0.8 for NGA. Reflects weaker initial Cas9 PAM recognition for non-canonical PAMs.
A8: Initiation term | B8: +3.1 kcal/mol is added to ΔG_H to account for the entropic cost of initiating the RNA:DNA duplex (Sugimoto 1995). This makes ΔG_H less negative.
A10: SWEET SPOTS & THRESHOLDS
A11: ΔG_B MUST be ≤ -10.0 | B11: Minimum for stable dCas9–sgRNA–DNA R-loop. Below -10 kcal/mol: transient binding, insufficient DNMT3A access, no heritable methylation. Sources: Farasat & Salis 2016 PLOS Comp Biol; Boyle et al. 2017 PNAS.
A12: ΔG_B optimal: -10 to -18 | B12: Sweet spot for CRISPRoff-grade on-target epigenetic editing. At -10: marginal binding. At -18: strong binding. Beyond -18 (>GC-rich guides) can increase off-target risk. Source: Xiang et al. Nat Commun 2022.
A13: ΔG_H sweet spot: -47 to -65 | B13: Cas9-weighted hybridisation energy for highly efficient gRNAs (Xiang 2022). Guides with ΔG_H between -47 and -65 kcal/mol show maximum cleavage efficiency. Your A:T-rich guide may fall slightly outside; check ΔG_B.
A14: CRISPRoff score ≥ 10 | B14: Score = -ΔG_B. ≥10: will work. ≥12: good. ≥15: excellent. Note: Alkan webserver displays score×~4-5 for scale.
A15: gRNA MFE ΔG_U > -7.5 | B15: gRNAs with MFE below -7.5 kcal/mol show significantly reduced activity (CRISPRon paper, Nat Commun 2021). If your RNAfold MFE is < -7.5, consider redesigning.
A17: ALLELE SPECIFICITY (for heterozygous disease)
A18: |ΔΔG_B| minimum: 2.0 kcal/mol | B18: Minimum differential between mutant and WT allele for allele-selective epigenomic editing. 2.0 kcal/mol → ~3.4× preferential occupancy of mutant allele (Boltzmann at 37°C). Below 2.0: both alleles methylated.
A19: |ΔΔG_B| strong: ≥ 3.0 kcal/mol | B19: Strong allele selectivity: ~6× preferential mutant occupancy. Aim for this when the therapeutic goal is complete preservation of WT allele function.
A20: How to use: | B20: Run calculator twice — once with mutant target in B5, once with WT target. Subtract ΔG_B values to get |ΔΔG_B|. If < 2.0, engineer a deliberate adjacent mismatch in the gRNA (change 1 base next to the SNP) to amplify discrimination.
A21: Deliberate mismatch strategy | B21: If SNP is in PAM-distal zone (+13 to +20 from PAM), a single mismatch on WT is poorly sensed. Add a deliberate C:A mismatch at the adjacent position to create a 2-mismatch cluster. This typically adds 1.5-2.5 kcal/mol additional penalty on WT while reducing mutant binding by <1 kcal/mol. | D21: more negative energy wise means stronger bind so -15 binds better than -13
A23: COMMON ERRORS & FIXES
A24: ΔG_B > -10 (too weak) | B24: Guide is too A:T-rich or has secondary structure. Options: (1) extend gRNA to 21-22 nt if PAM allows; (2) shift target window 1-3 nt; (3) select a guide targeting the other strand.
A25: ΔG_B << -18 (too strong) | B25: Very G:C-rich guide may have elevated off-target risk. Check CRISPRspec score at rth.dk/resources/crispr/. Consider a slightly shifted window.
A26: ΔΔG_B < 2.0 | B26: Not allele-specific enough. Use deliberate adjacent mismatch strategy. If SNP is in seed region (+1 to +12), a perfect-match guide may already discriminate sufficiently.
A27: gRNA MFE < -7.5 | B27: Enter the RNAfold MFE value in B7. If ΔG_B becomes > -10 after subtracting ΔG_U, the guide is predicted to be low-efficiency. Redesign.
A29: KEY REFERENCES
A30: Alkan 2018 | B30: Alkan F, Wenzel A, Anthon C, Havgaard JH, Gorodkin J. Genome Biol 2018;19:177. — The ΔG_B model and Cas9 weights.
A31: Sugimoto 1995 | B31: Sugimoto N et al. Biochemistry 1995;34:11211. — RNA:DNA nearest-neighbour ΔG°37 parameters (16 dinucleotides).
A32: SantaLucia 1998 | B32: SantaLucia J & Hicks D. Annu Rev Biophys 2004;33:415. — DNA:DNA nearest-neighbour ΔG°37 parameters.
A33: Xiang 2022 | B33: Xiang X et al. Nat Commun 2022;13:3001. — ΔG_H sweet spot -47 to -65 kcal/mol; ΔG_B optimal range -10 to -18.
A34: Boyle 2017 | B34: Boyle EA et al. PNAS 2017;114:5461. — dCas9 kinetic profiling; PAM-distal mismatch tolerance.
A35: Farasat 2016 | B35: Farasat I, Salis HM. PLOS Comput Biol 2016;12:e1004724. — Biophysical dCas9 occupancy model; minimum ΔG_target.
A36: Nunez 2021 | B36: Nunez JK et al. Cell 2021;184:2503. — CRISPRoff v2.1 design and heritable methylation.
A37: Strategy | B37: Why it fails
A38: 1 mismatch at PAM-distal (pos 1–8) | B38: Cas9 protein contacts compensate → no discrimination
A39: 1 mismatch at PAM-proximal seed (pos 17–20) | B39: Works thermodynamically AND biologically | C39: Position 13-8 best for added mutation
A40: 2 mismatches, both PAM-distal | B40: Still often tolerated | C40: Position 19 an d20 are horrible and 17 and 18 carry a big binding penalty so avoid
A41: 2 mismatches: 1 PAM-distal + 1 seed region | B41: Best strategy — combines thermodynamic and conformational discrimination | C41: seed region (positions 14–16, PAM-proximal), | H41: Run gRNA vs MUT → ΔG_B must stay below −10
C42: The ideal outcome is ΔG_B(MUT) ≈ −12 and ΔG_B(WT) ≈ −8
H43: Run gRNA vs WT → ΔG_B must rise above −9
